movie,country
10001,이탈리아
10001,프랑스
10002,미국
10003,미국
10004,미국
10005,미국
10006,미국
10007,미국
10008,영국
10009,영국
10010,영국
10011,미국
10012,미국
10013,미국
10014,프랑스
10015,미국
10016,미국
10017,미국
10018,미국
10019,미국
10020,미국
10021,미국
10022,미국
10023,미국
10024,미국
10025,미국
10026,미국
10027,미국
10028,미국
10029,미국
10030,미국
10031,미국
10032,미국
10033,미국
10034,미국
10035,미국
10036,미국
10037,미국
10038,미국
10039,미국
10040,미국
10041,미국
10042,미국
10042,영국
10043,미국
10043,영국
10044,영국
10045,미국
10046,프랑스
10046,미국
10047,미국
10048,미국
10049,미국
10050,미국
10051,미국
10052,미국
10053,미국
10054,미국
10055,미국
10056,미국
10057,미국
10058,미국
10059,미국
10060,미국
10061,미국
10062,미국
10063,한국
10064,미국
10065,미국
10066,미국
10067,한국
10068,미국
10069,스페인
10069,이탈리아
10069,독일(구 서독)
10070,미국
10071,미국
10072,미국
10073,미국
10074,미국
10075,미국
10076,미국
10077,미국
10078,미국
10079,미국
10080,미국
10081,미국
10082,미국
10083,미국
10084,미국
10085,미국
10086,영국
10087,미국
10088,미국
10089,미국
10090,미국
10091,프랑스
10092,독일(구 서독)
10093,미국
10094,남아프리카 공화국
10095,미국
10096,미국
10097,미국
10098,미국
10099,프랑스
10100,미국
10101,이탈리아
10101,미국
10102,미국
10103,미국
10104,미국
10105,미국
10106,미국
10107,미국
10108,미국
10109,홍콩
10110,홍콩
10111,홍콩
10112,홍콩
10113,홍콩
10114,미국
10115,홍콩
10116,미국
10117,프랑스
10118,프랑스
10119,미국
10120,미국
10121,이탈리아
10122,미국
10123,이탈리아
10124,미국
10125,미국
10126,홍콩
10127,미국
10128,미국
10129,미국
10130,미국
10130,영국
10131,홍콩
10131,미국
10132,미국
10133,한국
10134,한국
10135,미국
10136,캐나다
10137,미국
10138,덴마크
10138,스웨덴
10139,미국
10140,오스트레일리아
10141,오스트레일리아
10142,미국
10142,오스트레일리아
10143,미국
10144,스페인
10144,프랑스
10144,영국
10145,미국
10146,미국
10147,영국
10148,홍콩
10149,미국
10150,한국
10151,한국
10152,이탈리아
10153,한국
10154,미국
10155,영국
10156,영국
10157,영국
10158,미국
10158,영국
10159,영국
10160,영국
10161,미국
10161,영국
10162,영국
10163,미국
10163,영국
10164,영국
10165,영국
10166,영국
10167,미국
10167,영국
10168,미국
10168,독일(구 서독)
10168,영국
10169,미국
10169,영국
10170,영국
10171,영국
10172,미국
10173,미국
10174,미국
10175,미국
10176,미국
10177,미국
10178,미국
10179,미국
10180,미국
10181,홍콩
10182,홍콩
10182,미국
10183,홍콩
10184,홍콩
10185,이탈리아
10185,영국
10186,한국
10187,미국
10188,미국
10189,미국
10190,미국
10191,미국
10192,미국
10193,홍콩
10194,대만
10195,대만
10196,대만
10197,대만
10198,홍콩
10199,한국
10200,프랑스
10200,미국
10201,미국
10202,한국
10203,홍콩
10204,미국
10205,미국
10206,미국
10207,미국
10208,한국
10209,미국
10210,미국
10211,미국
10212,미국
10213,미국
10214,홍콩
10215,프랑스
10216,미국
10217,미국
10218,미국
10219,미국
10220,미국
10221,미국
10222,영국
10223,영국
10224,미국
10225,영국
10226,미국
10227,영국
10228,아르헨티나
10229,미국
10230,스웨덴
10231,영국
10232,미국
10233,미국
10234,미국
10235,미국
10236,미국
10237,미국
10238,미국
10239,미국
10240,미국
10241,미국
10242,미국
10243,미국
10244,미국
10244,영국
10245,미국
10246,미국
10247,홍콩
10248,미국
10249,미국
10250,미국
10251,미국
10251,영국
10252,미국
10253,미국
10253,영국
10254,미국
10255,미국
10256,미국
10257,프랑스
10258,영국
10259,미국
10260,미국
10261,미국
10262,미국
10263,미국
10264,영국
10265,영국
10266,영국
10267,미국
10268,미국
10269,미국
10270,미국
10271,한국
10272,미국
10273,미국
10274,미국
10275,프랑스
10276,미국
10277,미국
10278,미국
10279,미국
10279,영국
10280,미국
10281,미국
10282,미국
10283,이탈리아
10283,프랑스
10284,프랑스
10285,미국
10286,미국
10287,미국
10288,미국
10289,프랑스
10289,이탈리아
10290,보츠와나
10291,미국
10291,남아프리카 공화국
10291,보츠와나
10292,홍콩
10293,영국
10294,미국
10295,프랑스
10296,영국
10297,미국
10298,홍콩
10299,미국
10300,미국
10300,영국
10301,미국
10302,미국
10303,미국
10304,미국
10305,미국
10306,홍콩
10307,홍콩
10308,미국
10309,한국
10310,미국
10311,미국
10312,미국
10313,미국
10314,프랑스
10314,이탈리아
10314,미국
10314,영국
10315,미국
10316,미국
10317,미국
10318,미국
10319,프랑스
10320,캐나다
10320,프랑스
10321,미국
10322,미국
10323,프랑스
10323,독일(구 서독)
10324,미국
10325,미국
10326,미국
10328,미국
10329,미국
10330,미국
10331,스웨덴
10332,한국
10333,미국
10334,영국
10335,스페인
10335,이탈리아
10335,독일(구 서독)
10336,이탈리아
10336,프랑스
10337,프랑스
10338,미국
10339,미국
10340,브라질
10340,이탈리아
10340,프랑스
10341,미국
10342,미국
10343,미국
10344,미국
10345,프랑스
10345,이탈리아
10345,독일(구 서독)
10346,미국
10347,미국
10348,스페인
10348,네덜란드
10349,미국
10350,미국
10351,미국
10352,미국
10353,미국
10354,한국
10355,미국
10356,미국
10357,미국
10358,미국
10359,미국
10360,한국
10361,미국
10362,대만
10362,홍콩
10363,미국
10364,미국
10365,독일
10365,영국
10366,미국
10366,핀란드
10367,미국
10368,미국
10369,미국
10370,프랑스
10371,미국
10371,독일(구 서독)
10371,영국
10372,미국
10373,미국
10374,미국
10375,미국
10376,미국
10377,미국
10378,이탈리아
10378,알제리
10379,미국
10380,미국
10381,미국
10382,미국
10383,미국
10384,미국
10385,미국
10386,미국
10387,스페인
10388,미국
10389,폴란드
10389,프랑스
10389,독일(구 서독)
10390,오스트레일리아
10391,미국
10391,오스트레일리아
10392,미국
10393,대만
10393,홍콩
10394,캐나다
10394,미국
10395,미국
10396,미국
10397,한국
10398,영국
10399,미국
10400,미국
10401,미국
10402,미국
10403,미국
10404,미국
10405,미국
10406,한국
10407,미국
10408,미국
10409,미국
10410,미국
10411,미국
10412,미국
10413,미국
10414,미국
10415,미국
10416,미국
10417,한국
10418,한국
10419,한국
10420,한국
10421,한국
10422,한국
10423,한국
10424,미국
10425,한국
10426,한국
10427,영국
10428,미국
10429,미국
10430,미국
10431,미국
10433,프랑스
10433,이탈리아
10433,러시아(구 소련)
10434,미국
10435,홍콩
10436,미국
10437,미국
10438,미국
10439,미국
10440,홍콩
10441,홍콩
10442,체코
10442,미국
10442,유고슬라비아
10443,미국
10444,미국
10445,홍콩
10446,한국
10447,미국
10448,미국
10449,미국
10450,미국
10451,미국
10452,미국
10453,미국
10454,미국
10455,미국
10456,미국
10457,영국
10458,미국
10459,미국
10460,미국
10461,미국
10462,영국
10463,미국
10464,미국
10465,이탈리아
10465,프랑스
10466,미국
10467,한국
10468,한국
10469,미국
10469,이탈리아
10470,벨라루스(구 소련)
10471,영국
10472,프랑스
10473,프랑스
10473,이탈리아
10473,독일(구 서독)
10474,이탈리아
10474,프랑스
10476,미국
10477,미국
10478,미국
10479,중국
10480,영국
10481,대만
10482,프랑스
10482,영국
10483,미국
10484,미국
10485,미국
10486,한국
10487,미국
10488,미국
10489,미국
10490,미국
10491,미국
10492,미국
10493,미국
10494,이탈리아
10494,프랑스
10495,미국
10496,미국
10497,미국
10498,미국
10499,미국
10500,홍콩
10501,미국
10502,한국
10503,미국
10504,미국
10505,홍콩
10506,미국
10507,미국
10507,영국
10508,한국
10509,한국
10510,한국
10511,미국
10512,미국
10513,영국
10514,이탈리아
10514,프랑스
10515,홍콩
10516,미국
10517,미국
10518,한국
10519,미국
10520,영국
10521,미국
10522,한국
10523,미국
10524,미국
10525,미국
10526,미국
10527,미국
10528,프랑스
10529,미국
10530,미국
10531,미국
10532,미국
10533,미국
10533,영국
10534,미국
10535,미국
10535,영국
10536,영국
10537,홍콩
10538,미국
10539,미국
10540,러시아(구 소련)
10541,미국
10542,미국
10543,프랑스
10544,프랑스
10545,홍콩
10546,홍콩
10547,미국
10548,프랑스
10548,알제리
10549,미국
10550,미국
10551,이탈리아
10552,오스트레일리아
10553,남아프리카 공화국
10554,미국
10555,한국
10556,미국
10557,미국
10558,홍콩
10559,일본
10560,미국
10561,미국
10562,프랑스
10563,미국
10564,대만
10565,브라질
10566,미국
10567,한국
10568,독일(구 서독)
10569,미국
10570,미국
10570,프랑스
10570,오스트레일리아
10571,미국
10572,한국
10573,한국
10574,한국
10575,미국
10576,미국
10577,미국
10578,미국
10579,미국
10579,영국
10580,이탈리아
10580,미국
10581,러시아(구 소련)
10582,미국
10583,홍콩
10584,미국
10585,미국
10586,미국
10587,미국
10588,한국
10589,한국
10590,미국
10591,이탈리아
10591,독일(구 서독)
10592,미국
10593,미국
10594,미국
10595,한국
10596,이탈리아
10597,이탈리아
10597,독일(구 서독)
10597,영국
10598,폴란드
10598,프랑스
10598,독일(구 서독)
10599,프랑스
10600,미국
10601,미국
10602,미국
10603,영국
10604,미국
10605,미국
10606,미국
10607,미국
10608,한국
10609,일본
10610,미국
10611,미국
10612,미국
10613,미국
10614,미국
10615,아일랜드
10615,미국
10615,영국
10616,국가불명
10617,영국
10618,미국
10619,미국
10620,미국
10621,미국
10622,미국
10623,미국
10624,미국
10624,독일(구 서독)
10625,홍콩
10626,홍콩
10627,홍콩
10628,미국
10629,미국
10630,미국
10631,미국
10632,오스트레일리아
10633,미국
10634,미국
10635,영국
10636,미국
10637,미국
10638,미국
10639,미국
10640,미국
10641,미국
10642,미국
10643,미국
10644,영국
10645,미국
10646,미국
10647,독일(구 서독)
10648,미국
10649,한국
10650,이탈리아
10650,미국
10651,미국
10652,미국
10653,프랑스
10654,미국
10655,미국
10656,한국
10657,미국
10658,미국
10659,한국
10660,미국
10661,홍콩
10662,미국
10663,미국
10664,미국
10665,한국
10666,미국
10667,미국
10668,그리스
10669,미국
10670,홍콩
10671,미국
10673,미국
10674,미국
10675,이탈리아
10675,프랑스
10676,대만
10677,미국
10678,미국
10679,미국
10680,스웨덴
10681,미국
10682,미국
10683,미국
10684,미국
10684,영국
10685,미국
10686,홍콩
10687,영국
10688,미국
10689,미국
10690,미국
10691,미국
10692,프랑스
10693,미국
10694,미국
10695,미국
10696,미국
10697,미국
10698,영국
10699,미국
10700,미국
10701,프랑스
10701,이탈리아
10702,미국
10703,미국
10703,이탈리아
10704,미국
10705,미국
10706,미국
10708,미국
10709,미국
10710,프랑스
10710,독일
10711,미국
10712,한국
10713,한국
10714,한국
10715,미국
10716,미국
10717,미국
10718,미국
10719,미국
10720,중국
10721,미국
10722,미국
10723,미국
10724,미국
10725,미국
10726,미국
10727,미국
10728,미국
10730,미국
10731,미국
10732,미국
10733,한국
10734,미국
10735,미국
10736,미국
10737,미국
10738,미국
10739,미국
10740,미국
10741,프랑스
10741,영국
10742,미국
10743,캐나다
10743,프랑스
10744,프랑스
10745,한국
10746,홍콩
10747,한국
10748,프랑스
10748,이탈리아
10749,미국
10750,미국
10750,영국
10751,미국
10752,미국
10752,영국
10753,미국
10754,미국
10755,홍콩
10756,미국
10757,미국
10758,미국
10759,미국
10760,프랑스
10760,미국
10761,미국
10762,한국
10763,미국
10764,한국
10765,영국
10766,미국
10767,미국
10768,미국
10769,미국
10770,한국
10771,홍콩
10772,미국
10773,미국
10774,미국
10775,미국
10776,미국
10777,미국
10778,중국
10779,미국
10780,홍콩
10781,미국
10782,프랑스
10782,이탈리아
10782,독일(구 서독)
10783,미국
10784,미국
10785,미국
10786,미국
10787,미국
10788,홍콩
10789,한국
10790,미국
10791,미국
10792,영국
10794,미국
10795,미국
10796,미국
10797,미국
10797,프랑스
10797,영국
10798,독일(구 서독)
10799,한국
10800,미국
10801,미국
10802,한국
10803,미국
10804,프랑스
10804,독일(구 서독)
10805,미국
10806,한국
10807,캐나다
10808,미국
10809,프랑스
10810,한국
10811,프랑스
10811,오스트레일리아
10812,미국
10813,한국
10814,한국
10815,한국
10816,한국
10816,미국
10817,미국
10818,미국
10819,한국
10820,한국
10821,미국
10822,미국
10823,미국
10824,미국
10824,이탈리아
10824,오스트레일리아
10824,뉴질랜드
10824,영국
10825,이탈리아
10826,스페인
10827,한국
10828,한국
10829,미국
10830,미국
10831,미국
10832,미국
10833,이탈리아
10834,한국
10835,한국
10836,미국
10837,한국
10838,영국
10839,일본
10840,한국
10841,한국
10842,한국
10843,한국
10844,미국
10845,오스트레일리아
10846,한국
10847,미국
10848,영국
10849,미국
10850,영국
10851,홍콩
10852,홍콩
10853,미국
10853,영국
10854,미국
10855,미국
10856,미국
10857,미국
10857,이탈리아
10858,이탈리아
10858,영국
10859,프랑스
10859,러시아(구 소련)
10860,영국
10861,일본
10862,미국
10863,미국
10864,미국
10865,미국
10866,미국
10867,프랑스
10867,이탈리아
10868,미국
10869,미국
10870,미국
10871,미국
10872,미국
10873,미국
10874,폴란드
10874,프랑스
10874,노르웨이
10875,미국
10876,오스트레일리아
10877,홍콩
10878,미국
10879,미국
10880,미국
10881,캐나다
10881,프랑스
10882,영국
10883,중국
10884,미국
10885,한국
10886,미국
10887,미국
10888,미국
10889,미국
10890,벨기에
10891,한국
10892,미국
10893,미국
10894,일본
10895,미국
10896,프랑스
10897,미국
10898,영국
10899,프랑스
10899,영국
10900,한국
10901,미국
10902,한국
10903,미국
10904,미국
10905,미국
10906,터키
10907,영국
10908,미국
10909,미국
10910,이탈리아
10911,멕시코
10912,미국
10913,미국
10914,프랑스
10915,미국
10916,영국
10917,미국
10918,미국
10919,미국
10920,프랑스
10921,한국
10922,대만
10923,한국
10924,미국
10925,미국
10926,한국
10927,미국
10928,미국
10929,한국
10930,미국
10931,홍콩
10932,프랑스
10933,한국
10934,한국
10935,미국
10936,미국
10937,한국
10938,미국
10939,이탈리아
10940,프랑스
10941,미국
10942,미국
10942,영국
10943,미국
10944,미국
10945,미국
10946,한국
10947,스페인
10948,일본
10949,프랑스
10949,영국
10950,프랑스
10951,미국
10952,미국
10953,중국
10954,한국
10955,미국
10956,영국
10958,미국
10959,미국
10960,미국
10961,미국
10962,미국
10963,미국
10964,미국
10965,미국
10966,미국
10967,미국
10968,미국
10969,미국
10970,미국
10971,미국
10972,이탈리아
10973,미국
10974,독일(구 서독)
10975,미국
10976,미국
10977,미국
10978,한국
10979,영국
10980,미국
10981,미국
10982,프랑스
10983,미국
10984,미국
10985,미국
10986,독일(구 서독)
10986,영국
10987,미국
10988,미국
10989,미국
10991,미국
10992,이탈리아
10993,미국
10994,미국
10995,미국
10996,미국
10997,미국
10998,미국
10999,미국
