movie,genre
10001,드라마
10001,멜로/로맨스
10002,SF
10002,코미디
10003,SF
10003,코미디
10004,서부
10004,SF
10004,판타지
10004,코미디
10005,판타지
10005,모험
10005,SF
10005,액션
10006,판타지
10006,모험
10006,SF
10006,액션
10007,판타지
10007,SF
10007,액션
10007,모험
10008,SF
10008,액션
10008,모험
10008,가족
10009,판타지
10009,SF
10009,액션
10009,모험
10010,액션
10010,코미디
10010,판타지
10010,SF
10010,모험
10011,SF
10011,액션
10011,모험
10011,가족
10012,액션
10012,스릴러
10012,범죄
10013,멜로/로맨스
10013,판타지
10013,SF
10013,모험
10013,가족
10013,스릴러
10013,공포
10014,드라마
10014,전쟁
10015,드라마
10015,액션
10015,스릴러
10016,코미디
10016,가족
10016,모험
10016,범죄
10017,드라마
10017,서부
10018,판타지
10018,SF
10018,모험
10018,가족
10019,드라마
10019,서부
10019,범죄
10020,멜로/로맨스
10020,드라마
10020,전쟁
10021,드라마
10021,액션
10022,드라마
10022,액션
10023,드라마
10023,액션
10024,드라마
10024,액션
10025,드라마
10025,액션
10026,액션
10026,스릴러
10026,범죄
10027,액션
10027,코미디
10027,범죄
10028,SF
10028,액션
10028,스릴러
10029,스릴러
10029,공포
10030,모험
10030,스릴러
10030,공포
10031,스릴러
10031,공포
10032,스릴러
10032,공포
10033,액션
10033,모험
10034,판타지
10034,액션
10034,모험
10035,판타지
10035,액션
10035,모험
10036,액션
10037,SF
10037,공포
10038,SF
10038,액션
10038,스릴러
10038,공포
10039,드라마
10039,전쟁
10040,코미디
10040,스릴러
10040,모험
10040,가족
10041,드라마
10041,액션
10041,모험
10042,드라마
10042,모험
10042,전쟁
10043,드라마
10043,액션
10043,스릴러
10043,전쟁
10044,액션
10044,전쟁
10045,드라마
10045,전쟁
10046,드라마
10046,모험
10046,범죄
10047,드라마
10047,코미디
10047,범죄
10048,드라마
10049,판타지
10049,액션
10049,코미디
10049,공포
10050,스릴러
10050,공포
10050,미스터리
10051,스릴러
10051,공포
10052,스릴러
10052,공포
10053,드라마
10054,드라마
10055,드라마
10055,액션
10055,스릴러
10056,액션
10056,전쟁
10057,액션
10057,전쟁
10058,멜로/로맨스
10058,드라마
10058,액션
10058,모험
10059,멜로/로맨스
10059,드라마
10060,드라마
10061,SF
10061,액션
10061,스릴러
10061,공포
10062,SF
10062,액션
10062,스릴러
10063,드라마
10064,드라마
10065,공포
10066,스릴러
10066,공포
10066,미스터리
10067,멜로/로맨스
10067,드라마
10068,드라마
10068,스릴러
10068,범죄
10069,서부
10070,서부
10070,스릴러
10070,액션
10071,드라마
10071,스릴러
10071,범죄
10072,드라마
10072,범죄
10073,멜로/로맨스
10073,드라마
10074,SF
10074,액션
10074,모험
10074,미스터리
10075,SF
10075,모험
10076,SF
10076,모험
10077,SF
10077,모험
10078,SF
10078,모험
10079,SF
10079,모험
10080,코미디
10080,범죄
10081,코미디
10082,코미디
10083,코미디
10084,코미디
10085,코미디
10086,드라마
10087,멜로/로맨스
10087,드라마
10087,뮤지컬
10088,모험
10088,스릴러
10089,멜로/로맨스
10089,뮤지컬
10089,드라마
10090,드라마
10091,드라마
10091,범죄
10092,판타지
10092,모험
10092,가족
10093,멜로/로맨스
10093,드라마
10094,드라마
10094,가족
10095,판타지
10095,SF
10095,코미디
10096,판타지
10096,SF
10096,코미디
10097,드라마
10097,코미디
10097,전쟁
10098,멜로/로맨스
10098,뮤지컬
10099,멜로/로맨스
10099,드라마
10100,드라마
10100,액션
10101,멜로/로맨스
10101,드라마
10101,코미디
10102,멜로/로맨스
10102,뮤지컬
10102,드라마
10103,멜로/로맨스
10103,드라마
10103,전쟁
10104,멜로/로맨스
10104,드라마
10105,멜로/로맨스
10105,뮤지컬
10105,코미디
10106,멜로/로맨스
10106,드라마
10107,드라마
10108,멜로/로맨스
10108,뮤지컬
10109,액션
10110,드라마
10110,느와르
10110,액션
10110,범죄
10111,드라마
10111,느와르
10111,액션
10111,범죄
10112,드라마
10112,느와르
10112,액션
10112,범죄
10113,드라마
10113,액션
10113,스릴러
10113,범죄
10114,드라마
10115,액션
10115,모험
10115,코미디
10116,판타지
10116,멜로/로맨스
10116,코미디
10117,멜로/로맨스
10117,드라마
10117,코미디
10118,멜로/로맨스
10118,드라마
10118,코미디
10119,SF
10119,공포
10121,서부
10121,코미디
10122,드라마
10122,미스터리
10122,스릴러
10122,범죄
10123,서부
10123,코미디
10124,멜로/로맨스
10124,코미디
10125,SF
10125,멜로/로맨스
10125,코미디
10126,코미디
10126,공포
10127,드라마
10127,뮤지컬
10128,드라마
10128,전쟁
10129,코미디
10130,드라마
10130,스릴러
10130,범죄
10131,액션
10131,코미디
10132,멜로/로맨스
10132,코미디
10133,드라마
10135,스릴러
10135,미스터리
10135,범죄
10136,드라마
10137,판타지
10137,스릴러
10137,공포
10138,드라마
10140,SF
10140,액션
10141,SF
10141,액션
10142,SF
10142,액션
10142,모험
10143,드라마
10143,멜로/로맨스
10143,코미디
10144,멜로/로맨스
10144,드라마
10145,드라마
10145,스릴러
10145,범죄
10146,멜로/로맨스
10146,드라마
10147,드라마
10147,모험
10149,판타지
10149,스릴러
10149,공포
10150,멜로/로맨스
10150,드라마
10150,모험
10150,코미디
10151,드라마
10152,드라마
10153,애니메이션
10153,액션
10153,코미디
10153,SF
10153,가족
10154,멜로/로맨스
10154,드라마
10155,액션
10155,스릴러
10156,모험
10156,액션
10156,스릴러
10157,모험
10157,액션
10157,스릴러
10158,액션
10158,모험
10159,액션
10159,모험
10159,스릴러
10160,액션
10160,모험
10160,코미디
10161,멜로/로맨스
10161,액션
10161,모험
10161,스릴러
10162,액션
10162,모험
10163,액션
10163,모험
10164,액션
10165,액션
10165,스릴러
10166,SF
10166,액션
10167,액션
10167,스릴러
10168,액션
10168,모험
10169,액션
10170,액션
10171,액션
10171,모험
10171,스릴러
10172,액션
10172,모험
10173,멜로/로맨스
10173,드라마
10174,뮤지컬
10175,멜로/로맨스
10175,드라마
10176,드라마
10177,멜로/로맨스
10177,드라마
10177,서부
10177,전쟁
10178,스릴러
10178,공포
10179,서부
10179,스릴러
10180,스릴러
10181,멜로/로맨스
10181,드라마
10181,액션
10182,액션
10182,범죄
10183,액션
10183,코미디
10183,범죄
10184,액션
10185,멜로/로맨스
10185,드라마
10186,액션
10186,코미디
10187,공포
10188,공포
10189,공포
10190,판타지
10190,액션
10190,모험
10191,판타지
10191,액션
10191,모험
10193,액션
10194,액션
10195,액션
10196,액션
10197,액션
10198,액션
10199,멜로/로맨스
10199,드라마
10200,SF
10200,액션
10200,스릴러
10201,드라마
10202,드라마
10203,느와르
10203,액션
10203,범죄
10204,드라마
10205,SF
10205,드라마
10206,코미디
10206,전쟁
10207,드라마
10208,드라마
10209,멜로/로맨스
10209,액션
10209,모험
10210,액션
10210,모험
10211,액션
10211,모험
10211,코미디
10211,범죄
10212,멜로/로맨스
10212,드라마
10212,모험
10212,전쟁
10213,드라마
10214,액션
10214,코미디
10215,드라마
10216,코미디
10216,액션
10216,스릴러
10216,범죄
10217,SF
10217,액션
10217,범죄
10218,SF
10218,액션
10218,스릴러
10218,범죄
10219,코미디
10220,코미디
10220,범죄
10221,미스터리
10221,코미디
10221,범죄
10222,코미디
10222,범죄
10223,코미디
10223,범죄
10224,코미디
10224,범죄
10225,코미디
10225,범죄
10226,코미디
10226,범죄
10227,코미디
10227,범죄
10228,판타지
10228,드라마
10228,공포
10229,드라마
10229,뮤지컬
10229,코미디
10230,드라마
10230,코미디
10231,코미디
10231,범죄
10232,SF
10232,드라마
10233,전쟁
10234,공포
10235,멜로/로맨스
10235,뮤지컬
10235,전쟁
10236,멜로/로맨스
10236,액션
10237,코미디
10238,드라마
10239,멜로/로맨스
10239,드라마
10240,드라마
10241,드라마
10242,멜로/로맨스
10242,드라마
10243,멜로/로맨스
10243,모험
10243,스릴러
10244,드라마
10244,서부
10244,모험
10245,액션
10246,액션
10246,미스터리
10246,SF
10246,스릴러
10246,공포
10247,드라마
10247,액션
10247,코미디
10248,멜로/로맨스
10248,서부
10248,드라마
10249,코미디
10250,멜로/로맨스
10250,코미디
10251,SF
10251,드라마
10251,모험
10252,액션
10252,판타지
10252,SF
10252,가족
10252,범죄
10253,액션
10253,스릴러
10253,범죄
10254,드라마
10254,코미디
10255,드라마
10255,공포
10256,드라마
10256,공포
10257,드라마
10257,공포
10258,드라마
10259,드라마
10259,가족
10260,드라마
10260,액션
10260,모험
10260,가족
10261,드라마
10261,액션
10261,가족
10262,드라마
10263,서부
10263,모험
10264,드라마
10264,미스터리
10264,스릴러
10265,드라마
10265,미스터리
10265,스릴러
10267,드라마
10267,액션
10267,스릴러
10268,코미디
10269,판타지
10269,드라마
10269,코미디
10269,SF
10270,판타지
10270,멜로/로맨스
10270,코미디
10271,멜로/로맨스
10271,드라마
10272,드라마
10273,판타지
10273,코미디
10274,SF
10274,코미디
10275,드라마
10275,액션
10275,범죄
10276,드라마
10276,미스터리
10277,스릴러
10277,코미디
10277,공포
10278,드라마
10279,드라마
10279,전쟁
10280,공포
10281,스릴러
10281,범죄
10282,드라마
10282,모험
10283,드라마
10284,드라마
10285,판타지
10285,드라마
10285,뮤지컬
10286,코미디
10287,멜로/로맨스
10287,액션
10287,코미디
10287,모험
10287,가족
10288,멜로/로맨스
10288,드라마
10288,전쟁
10289,드라마
10289,범죄
10290,액션
10290,코미디
10291,액션
10291,코미디
10292,코미디
10293,드라마
10294,SF
10294,드라마
10295,드라마
10295,스릴러
10295,범죄
10296,드라마
10296,전쟁
10297,드라마
10297,서부
10298,액션
10299,멜로/로맨스
10299,코미디
10300,드라마
10301,멜로/로맨스
10301,드라마
10301,코미디
10302,코미디
10303,SF
10303,공포
10304,SF
10304,액션
10304,스릴러
10304,공포
10305,드라마
10305,액션
10306,액션
10306,코미디
10307,액션
10308,판타지
10308,드라마
10308,공포
10309,멜로/로맨스
10309,드라마
10310,멜로/로맨스
10310,코미디
10311,멜로/로맨스
10311,드라마
10312,범죄
10313,드라마
10313,스릴러
10313,범죄
10314,드라마
10314,서사
10315,멜로/로맨스
10315,드라마
10316,드라마
10316,스릴러
10316,미스터리
10316,범죄
10317,드라마
10317,전쟁
10318,드라마
10319,드라마
10319,범죄
10320,드라마
10321,드라마
10321,코미디
10322,드라마
10323,멜로/로맨스
10323,드라마
10323,뮤지컬
10324,드라마
10324,스릴러
10325,코미디
10326,멜로/로맨스
10326,코미디
10328,드라마
10328,서부
10328,모험
10329,드라마
10329,범죄
10330,드라마
10330,액션
10330,범죄
10331,멜로/로맨스
10331,드라마
10332,드라마
10332,액션
10333,드라마
10333,액션
10333,전쟁
10334,드라마
10334,전쟁
10335,서부
10336,드라마
10337,멜로/로맨스
10337,드라마
10338,드라마
10338,전쟁
10339,코미디
10340,멜로/로맨스
10340,드라마
10340,코미디
10341,코미디
10342,드라마
10342,전쟁
10343,멜로/로맨스
10343,드라마
10343,스릴러
10343,미스터리
10344,느와르
10344,미스터리
10345,서부
10346,멜로/로맨스
10346,드라마
10347,드라마
10347,스릴러
10348,드라마
10348,스릴러
10348,범죄
10349,드라마
10349,서부
10349,모험
10350,드라마
10351,스릴러
10351,미스터리
10351,범죄
10352,코미디
10352,가족
10353,드라마
10355,액션
10355,미스터리
10355,코미디
10356,드라마
10357,멜로/로맨스
10357,모험
10357,코미디
10358,멜로/로맨스
10358,코미디
10359,드라마
10360,드라마
10361,드라마
10361,전쟁
10362,액션
10363,멜로/로맨스
10363,뮤지컬
10363,코미디
10364,드라마
10364,서부
10364,전쟁
10365,드라마
10365,액션
10365,전쟁
10366,드라마
10366,액션
10366,스릴러
10367,미스터리
10367,스릴러
10368,드라마
10370,코미디
10371,드라마
10373,드라마
10374,멜로/로맨스
10374,드라마
10374,뮤지컬
10375,드라마
10375,공포
10376,드라마
10376,스릴러
10376,공포
10377,공포
10378,드라마
10378,전쟁
10379,스릴러
10380,드라마
10381,드라마
10382,액션
10383,멜로/로맨스
10383,드라마
10383,액션
10383,스릴러
10384,드라마
10385,멜로/로맨스
10385,드라마
10385,범죄
10386,멜로/로맨스
10386,드라마
10388,멜로/로맨스
10388,코미디
10389,드라마
10389,전쟁
10390,모험
10390,코미디
10391,액션
10391,모험
10391,코미디
10392,액션
10392,모험
10392,코미디
10394,드라마
10395,멜로/로맨스
10395,드라마
10395,뮤지컬
10396,미스터리
10396,판타지
10396,SF
10396,모험
10396,가족
10396,스릴러
10397,드라마
10397,전쟁
10398,드라마
10399,액션
10399,스릴러
10399,범죄
10400,판타지
10400,모험
10400,스릴러
10400,공포
10401,액션
10401,코미디
10402,액션
10402,코미디
10403,드라마
10403,코미디
10404,드라마
10405,드라마
10405,코미디
10406,드라마
10407,드라마
10408,미스터리
10409,드라마
10410,드라마
10410,코미디
10411,미스터리
10411,SF
10411,모험
10411,스릴러
10411,공포
10412,판타지
10412,멜로/로맨스
10412,모험
10413,모험
10413,가족
10414,드라마
10415,뮤지컬
10416,드라마
10416,뮤지컬
10416,코미디
10417,코미디
10417,에로
10418,드라마
10419,드라마
10419,에로
10420,드라마
10420,액션
10421,드라마
10422,드라마
10423,드라마
10424,멜로/로맨스
10424,드라마
10425,드라마
10427,드라마
10427,가족
10428,드라마
10429,드라마
10429,공포
10430,서부
10430,모험
10431,드라마
10431,액션
10431,전쟁
10432,드라마
10433,드라마
10433,전쟁
10434,멜로/로맨스
10434,드라마
10435,액션
10436,드라마
10437,스릴러
10437,미스터리
10437,코미디
10437,범죄
10438,공포
10439,SF
10439,액션
10439,드라마
10440,액션
10440,코미디
10441,드라마
10441,액션
10442,드라마
10442,모험
10442,전쟁
10443,액션
10443,스릴러
10443,범죄
10444,드라마
10444,코미디
10444,전쟁
10446,드라마
10446,스릴러
10446,범죄
10447,드라마
10447,스릴러
10447,범죄
10448,판타지
10448,뮤지컬
10448,모험
10448,가족
10449,멜로/로맨스
10449,드라마
10449,전쟁
10450,코미디
10451,코미디
10452,판타지
10452,느와르
10452,스릴러
10452,드라마
10453,드라마
10453,코미디
10454,멜로/로맨스
10454,드라마
10455,드라마
10456,드라마
10457,멜로/로맨스
10457,드라마
10458,코미디
10458,액션
10458,범죄
10459,SF
10459,액션
10459,스릴러
10460,드라마
10461,드라마
10462,드라마
10462,뮤지컬
10462,가족
10463,드라마
10463,서부
10464,코미디
10464,범죄
10465,드라마
10465,스릴러
10465,범죄
10466,멜로/로맨스
10466,드라마
10467,드라마
10468,드라마
10469,서부
10469,모험
10470,드라마
10470,전쟁
10471,드라마
10471,스릴러
10472,코미디
10473,드라마
10473,미스터리
10473,스릴러
10473,범죄
10474,멜로/로맨스
10474,미스터리
10474,SF
10474,스릴러
10474,드라마
10476,멜로/로맨스
10476,스릴러
10476,코미디
10476,범죄
10477,드라마
10478,멜로/로맨스
10478,드라마
10478,느와르
10479,드라마
10479,전쟁
10480,멜로/로맨스
10480,드라마
10480,코미디
10481,드라마
10481,액션
10482,멜로/로맨스
10482,드라마
10483,드라마
10483,액션
10483,스릴러
10483,범죄
10484,느와르
10484,스릴러
10484,드라마
10485,멜로/로맨스
10485,드라마
10486,에로
10487,멜로/로맨스
10487,미스터리
10487,코미디
10487,범죄
10488,액션
10488,스릴러
10488,모험
10488,코미디
10489,드라마
10489,스릴러
10489,공포
10490,스릴러
10491,멜로/로맨스
10491,코미디
10492,드라마
10492,스릴러
10493,멜로/로맨스
10493,뮤지컬
10493,드라마
10494,멜로/로맨스
10494,코미디
10495,드라마
10495,전쟁
10496,판타지
10496,드라마
10496,코미디
10497,멜로/로맨스
10497,판타지
10497,드라마
10497,가족
10498,코미디
10498,가족
10499,드라마
10501,드라마
10501,액션
10501,전쟁
10502,멜로/로맨스
10502,드라마
10503,스릴러
10504,스릴러
10504,범죄
10504,공포
10506,SF
10507,드라마
10507,전쟁
10508,멜로/로맨스
10508,드라마
10509,드라마
10510,멜로/로맨스
10510,드라마
10511,멜로/로맨스
10511,코미디
10512,모험
10512,가족
10513,드라마
10514,드라마
10514,스릴러
10514,범죄
10515,액션
10515,코미디
10516,코미디
10517,드라마
10517,범죄
10518,드라마
10519,액션
10519,모험
10519,스릴러
10520,멜로/로맨스
10520,드라마
10520,코미디
10521,드라마
10521,액션
10521,범죄
10522,드라마
10523,액션
10523,모험
10524,코미디
10524,전쟁
10525,드라마
10525,모험
10526,드라마
10526,스릴러
10526,범죄
10527,멜로/로맨스
10527,뮤지컬
10527,코미디
10528,판타지
10528,애니메이션
10528,뮤지컬
10528,가족
10529,멜로/로맨스
10529,액션
10529,스릴러
10530,드라마
10531,코미디
10532,SF
10532,코미디
10532,공포
10533,드라마
10534,코미디
10535,공포
10536,공포
10537,드라마
10537,액션
10537,코미디
10538,드라마
10538,코미디
10539,액션
10540,멜로/로맨스
10540,드라마
10540,코미디
10541,드라마
10541,코미디
10542,코미디
10543,액션
10543,스릴러
10544,드라마
10544,범죄
10545,액션
10546,멜로/로맨스
10546,드라마
10546,범죄
10547,드라마
10547,코미디
10548,드라마
10548,스릴러
10548,미스터리
10549,드라마
10549,범죄
10550,드라마
10550,액션
10551,멜로/로맨스
10551,드라마
10552,멜로/로맨스
10552,드라마
10553,드라마
10553,모험
10554,드라마
10555,드라마
10556,미스터리
10556,스릴러
10557,드라마
10557,액션
10557,모험
10557,전쟁
10560,액션
10560,스릴러
10560,범죄
10561,드라마
10561,범죄
10562,멜로/로맨스
10562,드라마
10562,전쟁
10563,멜로/로맨스
10563,뮤지컬
10563,드라마
10564,드라마
10565,드라마
10566,드라마
10567,멜로/로맨스
10567,드라마
10568,멜로/로맨스
10568,판타지
10568,드라마
10569,코미디
10570,멜로/로맨스
10570,코미디
10571,SF
10571,스릴러
10571,공포
10572,멜로/로맨스
10572,에로
10573,에로
10574,드라마
10575,멜로/로맨스
10575,드라마
10575,가족
10576,멜로/로맨스
10577,모험
10577,공포
10578,멜로/로맨스
10578,코미디
10578,전쟁
10579,드라마
10579,스릴러
10579,전쟁
10580,멜로/로맨스
10580,드라마
10580,전쟁
10581,드라마
10582,드라마
10583,액션
10583,스릴러
10583,범죄
10584,드라마
10585,뮤지컬
10586,드라마
10587,드라마
10588,드라마
10589,멜로/로맨스
10589,드라마
10590,드라마
10590,코미디
10590,전쟁
10591,드라마
10592,드라마
10592,뮤지컬
10592,가족
10593,멜로/로맨스
10593,드라마
10593,전쟁
10594,드라마
10595,드라마
10596,판타지
10596,스릴러
10596,공포
10596,미스터리
10597,드라마
10597,전쟁
10598,드라마
10599,멜로/로맨스
10599,범죄
10600,판타지
10600,드라마
10600,코미디
10601,멜로/로맨스
10601,드라마
10601,코미디
10602,멜로/로맨스
10602,코미디
10603,판타지
10603,SF
10604,드라마
10604,코미디
10605,멜로/로맨스
10605,드라마
10605,서부
10606,멜로/로맨스
10606,드라마
10607,드라마
10608,드라마
10609,드라마
10609,액션
10609,모험
10610,SF
10610,코미디
10611,드라마
10611,모험
10612,모험
10613,모험
10613,코미디
10614,드라마
10614,액션
10615,드라마
10615,뮤지컬
10615,코미디
10616,드라마
10616,전쟁
10617,드라마
10617,멜로/로맨스
10617,모험
10617,가족
10618,드라마
10618,전쟁
10619,판타지
10619,액션
10619,모험
10619,코미디
10620,드라마
10620,액션
10620,스릴러
10620,범죄
10621,스릴러
10621,미스터리
10622,액션
10622,미스터리
10622,범죄
10623,드라마
10624,드라마
10625,뮤지컬
10625,코미디
10626,액션
10626,느와르
10626,범죄
10626,드라마
10626,전쟁
10627,액션
10627,공포
10628,드라마
10629,드라마
10630,드라마
10630,전쟁
10631,드라마
10631,코미디
10631,범죄
10632,SF
10632,액션
10633,뮤지컬
10633,코미디
10633,공포
10634,액션
10634,범죄
10635,드라마
10636,드라마
10636,전쟁
10637,드라마
10637,전쟁
10638,코미디
10639,멜로/로맨스
10639,코미디
10640,드라마
10640,스릴러
10640,범죄
10641,공포
10642,SF
10642,모험
10642,스릴러
10643,뮤지컬
10643,범죄
10644,멜로/로맨스
10644,모험
10644,코미디
10645,SF
10645,액션
10645,코미디
10646,드라마
10647,드라마
10647,전쟁
10648,액션
10648,모험
10650,스릴러
10650,공포
10651,액션
10651,서부
10652,멜로/로맨스
10652,드라마
10653,판타지
10653,SF
10653,모험
10654,SF
10654,액션
10654,미스터리
10654,스릴러
10655,드라마
10655,뮤지컬
10656,멜로/로맨스
10656,코미디
10657,드라마
10657,스릴러
10658,멜로/로맨스
10658,코미디
10659,멜로/로맨스
10659,드라마
10660,뮤지컬
10660,멜로/로맨스
10660,가족
10660,코미디
10661,멜로/로맨스
10662,코미디
10663,멜로/로맨스
10663,액션
10664,SF
10664,액션
10664,스릴러
10665,드라마
10666,스릴러
10666,코미디
10666,공포
10668,드라마
10668,코미디
10669,멜로/로맨스
10669,애니메이션
10669,코미디
10669,판타지
10669,뮤지컬
10669,모험
10669,가족
10670,판타지
10670,멜로/로맨스
10670,액션
10670,공포
10671,멜로/로맨스
10671,액션
10671,스릴러
10671,코미디
10673,드라마
10674,공포
10675,드라마
10675,미스터리
10676,드라마
10677,전쟁
10678,드라마
10678,코미디
10679,멜로/로맨스
10679,드라마
10679,스릴러
10679,범죄
10680,드라마
10681,코미디
10682,코미디
10683,멜로/로맨스
10683,드라마
10683,스릴러
10683,전쟁
10684,SF
10684,드라마
10685,멜로/로맨스
10685,드라마
10685,코미디
10686,판타지
10686,멜로/로맨스
10686,공포
10687,드라마
10687,스릴러
10687,미스터리
10687,범죄
10688,드라마
10689,멜로/로맨스
10689,드라마
10690,판타지
10690,코미디
10691,SF
10691,스릴러
10691,범죄
10692,드라마
10693,SF
10693,액션
10693,모험
10693,코미디
10694,SF
10694,스릴러
10695,드라마
10695,범죄
10696,드라마
10696,액션
10696,스릴러
10697,드라마
10698,멜로/로맨스
10698,드라마
10698,스릴러
10699,드라마
10700,액션
10700,스릴러
10701,멜로/로맨스
10701,드라마
10702,드라마
10703,드라마
10704,드라마
10704,전쟁
10705,드라마
10705,스릴러
10705,미스터리
10706,멜로/로맨스
10706,드라마
10706,코미디
10708,드라마
10708,모험
10708,스릴러
10709,모험
10710,드라마
10711,SF
10711,드라마
10712,멜로/로맨스
10712,드라마
10712,에로
10713,에로
10714,에로
10715,공포
10716,드라마
10716,뮤지컬
10717,스릴러
10717,코미디
10718,드라마
10718,범죄
10719,드라마
10719,스릴러
10720,드라마
10720,가족
10721,액션
10721,스릴러
10721,범죄
10722,액션
10722,스릴러
10722,미스터리
10722,범죄
10723,드라마
10723,액션
10723,스릴러
10723,범죄
10724,드라마
10724,액션
10724,스릴러
10724,범죄
10725,액션
10725,스릴러
10725,범죄
10726,액션
10726,코미디
10726,범죄
10726,스릴러
10726,드라마
10727,액션
10727,코미디
10727,범죄
10727,스릴러
10727,드라마
10728,드라마
10729,드라마
10730,애니메이션
10730,판타지
10730,모험
10730,가족
10730,드라마
10731,코미디
10732,코미디
10733,드라마
10734,서부
10735,스릴러
10735,공포
10736,스릴러
10736,공포
10737,스릴러
10737,공포
10738,스릴러
10738,공포
10739,스릴러
10739,공포
10740,드라마
10740,스릴러
10740,미스터리
10740,범죄
10741,멜로/로맨스
10741,드라마
10742,드라마
10742,미스터리
10742,스릴러
10743,드라마
10744,판타지
10744,드라마
10744,모험
10745,드라마
10746,액션
10746,코미디
10747,멜로/로맨스
10747,에로
10748,드라마
10749,SF
10749,액션
10749,코미디
10750,드라마
10750,스릴러
10751,멜로/로맨스
10751,모험
10752,뮤지컬
10752,미스터리
10752,코미디
10752,범죄
10753,SF
10753,공포
10754,드라마
10754,스릴러
10754,범죄
10755,코미디
10756,코미디
10757,드라마
10758,드라마
10759,드라마
10759,뮤지컬
10760,코미디
10761,느와르
10761,스릴러
10762,드라마
10763,액션
10763,코미디
10764,멜로/로맨스
10764,드라마
10765,드라마
10765,전쟁
10766,코미디
10767,드라마
10768,드라마
10768,전쟁
10769,드라마
10769,모험
10770,드라마
10771,멜로/로맨스
10771,드라마
10772,다큐멘터리
10773,코미디
10774,멜로/로맨스
10774,느와르
10774,미스터리
10774,범죄
10775,멜로/로맨스
10775,드라마
10775,코미디
10776,드라마
10776,코미디
10777,드라마
10778,드라마
10779,액션
10779,모험
10779,코미디
10779,미스터리
10781,코미디
10781,SF
10781,모험
10781,가족
10782,드라마
10783,서부
10784,스릴러
10785,드라마
10785,서부
10786,멜로/로맨스
10786,스릴러
10786,전쟁
10787,드라마
10788,액션
10789,드라마
10789,가족
10791,액션
10791,모험
10792,판타지
10792,SF
10792,코미디
10794,멜로/로맨스
10794,드라마
10794,모험
10795,스릴러
10795,범죄
10796,드라마
10797,코미디
10799,드라마
10799,가족
10800,SF
10800,액션
10801,코미디
10802,드라마
10803,드라마
10803,스릴러
10803,범죄
10804,드라마
10805,애니메이션
10805,모험
10805,가족
10806,드라마
10807,드라마
10807,코미디
10808,액션
10808,모험
10809,코미디
10811,드라마
10812,가족
10812,코미디
10813,멜로/로맨스
10813,드라마
10814,드라마
10814,액션
10815,드라마
10815,액션
10816,전쟁
10817,멜로/로맨스
10817,액션
10817,코미디
10817,범죄
10817,스릴러
10818,멜로/로맨스
10818,드라마
10819,액션
10820,드라마
10821,미스터리
10821,범죄
10821,공포
10822,드라마
10822,모험
10823,드라마
10823,모험
10824,드라마
10824,모험
10825,드라마
10825,전쟁
10826,코미디
10827,코미디
10828,가족
10828,모험
10828,코미디
10829,드라마
10829,미스터리
10829,느와르
10830,미스터리
10830,스릴러
10831,SF
10831,공포
10832,드라마
10833,드라마
10834,드라마
10835,멜로/로맨스
10835,드라마
10836,서부
10837,드라마
10838,드라마
10838,코미디
10839,미스터리
10840,드라마
10841,드라마
10842,드라마
10842,코미디
10843,드라마
10844,멜로/로맨스
10844,판타지
10844,드라마
10844,공포
10846,전쟁
10847,드라마
10848,액션
10848,모험
10849,액션
10849,모험
10850,드라마
10851,액션
10851,범죄
10852,드라마
10852,액션
10853,코미디
10853,범죄
10854,스릴러
10854,공포
10855,SF
10855,코미디
10856,드라마
10856,액션
10857,드라마
10858,드라마
10859,드라마
10860,드라마
10860,가족
10861,멜로/로맨스
10861,드라마
10862,코미디
10863,모험
10863,코미디
10864,코미디
10864,범죄
10865,드라마
10866,멜로/로맨스
10866,코미디
10867,드라마
10868,코미디
10869,액션
10870,액션
10870,모험
10871,드라마
10871,스릴러
10871,공포
10871,미스터리
10872,드라마
10872,모험
10873,드라마
10873,액션
10873,전쟁
10874,멜로/로맨스
10874,판타지
10874,드라마
10875,드라마
10875,전쟁
10876,드라마
10877,드라마
10877,액션
10877,범죄
10878,액션
10878,범죄
10879,드라마
10879,서부
10880,드라마
10880,에로
10881,드라마
10881,코미디
10882,드라마
10882,스릴러
10882,전쟁
10883,전쟁
10884,액션
10884,스릴러
10884,코미디
10884,범죄
10885,멜로/로맨스
10885,드라마
10886,코미디
10887,드라마
10888,액션
10888,스릴러
10888,범죄
10889,드라마
10889,액션
10889,스릴러
10889,범죄
10890,드라마
10891,드라마
10892,드라마
10893,SF
10893,미스터리
10893,공포
10894,드라마
10895,코미디
10896,드라마
10897,멜로/로맨스
10897,뮤지컬
10898,미스터리
10898,범죄
10899,드라마
10900,코미디
10901,드라마
10902,드라마
10903,드라마
10904,드라마
10905,코미디
10907,드라마
10907,코미디
10908,액션
10909,드라마
10909,스릴러
10909,공포
10911,드라마
10911,미스터리
10911,공포
10911,전쟁
10912,코미디
10912,판타지
10912,SF
10912,가족
10913,전쟁
10914,멜로/로맨스
10914,드라마
10915,모험
10916,코미디
10916,범죄
10917,스릴러
10918,뮤지컬
10919,드라마
10919,스릴러
10920,멜로/로맨스
10920,드라마
10921,드라마
10922,드라마
10923,드라마
10924,뮤지컬
10924,코미디
10925,액션
10925,코미디
10925,전쟁
10926,드라마
10927,다큐멘터리
10928,느와르
10929,드라마
10929,코미디
10930,코미디
10931,판타지
10931,액션
10931,모험
10932,드라마
10932,코미디
10933,드라마
10934,드라마
10935,드라마
10935,액션
10936,판타지
10936,멜로/로맨스
10937,드라마
10938,멜로/로맨스
10938,판타지
10938,드라마
10938,코미디
10939,코미디
10940,드라마
10941,액션
10941,애니메이션
10941,코미디
10941,판타지
10941,가족
10941,범죄
10942,드라마
10942,모험
10942,전쟁
10943,판타지
10944,멜로/로맨스
10944,코미디
10945,멜로/로맨스
10945,드라마
10945,미스터리
10945,느와르
10946,드라마
10947,드라마
10947,뮤지컬
10948,드라마
10948,미스터리
10948,범죄
10949,드라마
10949,스릴러
10950,SF
10950,액션
10950,전쟁
10951,코미디
10951,범죄
10952,액션
10952,범죄
10953,공포
10954,멜로/로맨스
10954,드라마
10955,드라마
10956,드라마
10958,드라마
10958,코미디
10959,코미디
10960,서부
10960,코미디
10961,멜로/로맨스
10961,코미디
10962,SF
10962,액션
10962,드라마
10964,드라마
10965,멜로/로맨스
10965,액션
10965,코미디
10965,모험
10965,범죄
10965,스릴러
10966,스릴러
10966,공포
10967,공포
10968,공포
10969,공포
10970,느와르
10970,액션
10971,액션
10971,스릴러
10972,액션
10973,스릴러
10973,공포
10975,SF
10975,모험
10976,드라마
10977,서부
10978,드라마
10978,코미디
10979,뮤지컬
10979,코미디
10980,드라마
10981,드라마
10982,다큐멘터리
10983,멜로/로맨스
10983,드라마
10984,드라마
10984,액션
10985,액션
10986,드라마
10986,코미디
10987,드라마
10987,멜로/로맨스
10987,코미디
10988,드라마
10989,멜로/로맨스
10989,드라마
10989,코미디
10991,SF
10991,드라마
10992,뮤지컬
10992,코미디
10993,서부
10994,멜로/로맨스
10994,드라마
10994,코미디
10995,스릴러
10996,코미디
10997,공포
10998,드라마
10998,액션
10998,모험
10998,스릴러
10999,SF
10999,드라마
10999,공포
